{"player":{"name":"Sinner","matches_analyzed":63},"global":{"total_matches":63,"wins":57,"losses":6,"win_rate":0.9047619047619048,"avg_sets_per_match":2.4761904761904763,"tiebreak_win_rate":0.8421052631578947},"by_surface":{"Hard":{"matches":41,"wins":38,"losses":3,"win_rate":0.926829268292683,"comeback_rate":0.75,"roi":0},"Clay":{"matches":13,"wins":11,"losses":2,"win_rate":0.8461538461538461,"comeback_rate":0.5,"roi":0},"Grass":{"matches":9,"wins":8,"losses":1,"win_rate":0.8888888888888888,"comeback_rate":1,"roi":0}},"by_format":{"best_of_3":{"matches":35,"wins":31,"losses":4,"win_rate":0.8857142857142857,"avg_sets":1.9428571428571428,"tiebreak_rate":0.14705882352941177},"best_of_5":{"matches":28,"wins":26,"losses":2,"win_rate":0.9285714285714286,"avg_sets":3.142857142857143,"tiebreak_rate":0.10227272727272728}},"by_series":{"Grand Slam":{"matches":28,"wins":26,"losses":2,"win_rate":0.9285714285714286,"finals_reached":0},"Masters 1000":{"matches":19,"wins":16,"losses":3,"win_rate":0.8421052631578947,"finals_reached":0},"ATP500":{"matches":12,"wins":11,"losses":1,"win_rate":0.9166666666666666,"finals_reached":0}},"special_metrics":{"first_set_win_rate":0.8596491228070176,"match_win_after_first_set":0.9387755102040817,"comeback_rate":0.75,"deciding_set_win_rate":0.6,"break_back_rate":0.5,"tiebreak_win_rate":0.8421052631578947},"recent_form":{"recent_matches":20,"win_rate":1,"historical_win_rate":0.9047619047619048,"trend":"IMPROVING","streak":{"type":"W","count":20}},"roi":{"bets_placed":0,"total_stake":0,"total_return":0,"profit":0,"roi":0,"roi_percent":0},"calculated_at":"2025-12-22T02:42:22.122Z","calculation_time_ms":507}
